comentario,clasificacion
La clase de matemáticas fue excelente y aprendí mucho.,positivo
La profesora explicó matemáticas con claridad y buenos ejemplos.,positivo
Me gustaron las actividades de matemáticas; fueron útiles y dinámicas.,positivo
El material de matemáticas estuvo muy bien organizado y fue fácil de comprender.,positivo
Ahora entiendo mejor matemáticas gracias al apoyo del docente.,positivo
La clase de lengua fue excelente y aprendí mucho.,positivo
La profesora explicó lengua con claridad y buenos ejemplos.,positivo
Me gustaron las actividades de lengua; fueron útiles y dinámicas.,positivo
El material de lengua estuvo muy bien organizado y fue fácil de comprender.,positivo
Ahora entiendo mejor lengua gracias al apoyo del docente.,positivo
La clase de ciencias fue excelente y aprendí mucho.,positivo
La profesora explicó ciencias con claridad y buenos ejemplos.,positivo
Me gustaron las actividades de ciencias; fueron útiles y dinámicas.,positivo
El material de ciencias estuvo muy bien organizado y fue fácil de comprender.,positivo
Ahora entiendo mejor ciencias gracias al apoyo del docente.,positivo
La clase de historia fue excelente y aprendí mucho.,positivo
La profesora explicó historia con claridad y buenos ejemplos.,positivo
Me gustaron las actividades de historia; fueron útiles y dinámicas.,positivo
El material de historia estuvo muy bien organizado y fue fácil de comprender.,positivo
Ahora entiendo mejor historia gracias al apoyo del docente.,positivo
La clase de inglés fue excelente y aprendí mucho.,positivo
La profesora explicó inglés con claridad y buenos ejemplos.,positivo
Me gustaron las actividades de inglés; fueron útiles y dinámicas.,positivo
El material de inglés estuvo muy bien organizado y fue fácil de comprender.,positivo
Ahora entiendo mejor inglés gracias al apoyo del docente.,positivo
La clase de programación fue excelente y aprendí mucho.,positivo
La profesora explicó programación con claridad y buenos ejemplos.,positivo
Me gustaron las actividades de programación; fueron útiles y dinámicas.,positivo
El material de programación estuvo muy bien organizado y fue fácil de comprender.,positivo
Ahora entiendo mejor programación gracias al apoyo del docente.,positivo
La clase de física fue excelente y aprendí mucho.,positivo
La profesora explicó física con claridad y buenos ejemplos.,positivo
Me gustaron las actividades de física; fueron útiles y dinámicas.,positivo
El material de física estuvo muy bien organizado y fue fácil de comprender.,positivo
Ahora entiendo mejor física gracias al apoyo del docente.,positivo
La clase de química fue excelente y aprendí mucho.,positivo
La profesora explicó química con claridad y buenos ejemplos.,positivo
Me gustaron las actividades de química; fueron útiles y dinámicas.,positivo
El material de química estuvo muy bien organizado y fue fácil de comprender.,positivo
Ahora entiendo mejor química gracias al apoyo del docente.,positivo
La clase de arte fue excelente y aprendí mucho.,positivo
La profesora explicó arte con claridad y buenos ejemplos.,positivo
Me gustaron las actividades de arte; fueron útiles y dinámicas.,positivo
El material de arte estuvo muy bien organizado y fue fácil de comprender.,positivo
Ahora entiendo mejor arte gracias al apoyo del docente.,positivo
La clase de estadística fue excelente y aprendí mucho.,positivo
La profesora explicó estadística con claridad y buenos ejemplos.,positivo
Me gustaron las actividades de estadística; fueron útiles y dinámicas.,positivo
El material de estadística estuvo muy bien organizado y fue fácil de comprender.,positivo
Ahora entiendo mejor estadística gracias al apoyo del docente.,positivo
La clase de matemáticas se realizó según el horario establecido.,neutral
Hoy revisamos el contenido de matemáticas y completamos las actividades.,neutral
El docente presentó el tema de matemáticas y dejó una tarea.,neutral
La sesión de matemáticas tuvo explicación y ejercicios en clase.,neutral
Se utilizó el material de matemáticas disponible en la plataforma.,neutral
La clase de lengua se realizó según el horario establecido.,neutral
Hoy revisamos el contenido de lengua y completamos las actividades.,neutral
El docente presentó el tema de lengua y dejó una tarea.,neutral
La sesión de lengua tuvo explicación y ejercicios en clase.,neutral
Se utilizó el material de lengua disponible en la plataforma.,neutral
La clase de ciencias se realizó según el horario establecido.,neutral
Hoy revisamos el contenido de ciencias y completamos las actividades.,neutral
El docente presentó el tema de ciencias y dejó una tarea.,neutral
La sesión de ciencias tuvo explicación y ejercicios en clase.,neutral
Se utilizó el material de ciencias disponible en la plataforma.,neutral
La clase de historia se realizó según el horario establecido.,neutral
Hoy revisamos el contenido de historia y completamos las actividades.,neutral
El docente presentó el tema de historia y dejó una tarea.,neutral
La sesión de historia tuvo explicación y ejercicios en clase.,neutral
Se utilizó el material de historia disponible en la plataforma.,neutral
La clase de inglés se realizó según el horario establecido.,neutral
Hoy revisamos el contenido de inglés y completamos las actividades.,neutral
El docente presentó el tema de inglés y dejó una tarea.,neutral
La sesión de inglés tuvo explicación y ejercicios en clase.,neutral
Se utilizó el material de inglés disponible en la plataforma.,neutral
La clase de programación se realizó según el horario establecido.,neutral
Hoy revisamos el contenido de programación y completamos las actividades.,neutral
El docente presentó el tema de programación y dejó una tarea.,neutral
La sesión de programación tuvo explicación y ejercicios en clase.,neutral
Se utilizó el material de programación disponible en la plataforma.,neutral
La clase de física se realizó según el horario establecido.,neutral
Hoy revisamos el contenido de física y completamos las actividades.,neutral
El docente presentó el tema de física y dejó una tarea.,neutral
La sesión de física tuvo explicación y ejercicios en clase.,neutral
Se utilizó el material de física disponible en la plataforma.,neutral
La clase de química se realizó según el horario establecido.,neutral
Hoy revisamos el contenido de química y completamos las actividades.,neutral
El docente presentó el tema de química y dejó una tarea.,neutral
La sesión de química tuvo explicación y ejercicios en clase.,neutral
Se utilizó el material de química disponible en la plataforma.,neutral
La clase de arte se realizó según el horario establecido.,neutral
Hoy revisamos el contenido de arte y completamos las actividades.,neutral
El docente presentó el tema de arte y dejó una tarea.,neutral
La sesión de arte tuvo explicación y ejercicios en clase.,neutral
Se utilizó el material de arte disponible en la plataforma.,neutral
La clase de estadística se realizó según el horario establecido.,neutral
Hoy revisamos el contenido de estadística y completamos las actividades.,neutral
El docente presentó el tema de estadística y dejó una tarea.,neutral
La sesión de estadística tuvo explicación y ejercicios en clase.,neutral
Se utilizó el material de estadística disponible en la plataforma.,neutral
La clase de matemáticas fue confusa y no logré aprender el tema.,negativo
La explicación de matemáticas fue poco clara y demasiado rápida.,negativo
No entendí los ejercicios de matemáticas y faltó apoyo del docente.,negativo
El material de matemáticas estaba desordenado y fue difícil de usar.,negativo
La actividad de matemáticas fue frustrante y las instrucciones eran incorrectas.,negativo
La clase de lengua fue confusa y no logré aprender el tema.,negativo
La explicación de lengua fue poco clara y demasiado rápida.,negativo
No entendí los ejercicios de lengua y faltó apoyo del docente.,negativo
El material de lengua estaba desordenado y fue difícil de usar.,negativo
La actividad de lengua fue frustrante y las instrucciones eran incorrectas.,negativo
La clase de ciencias fue confusa y no logré aprender el tema.,negativo
La explicación de ciencias fue poco clara y demasiado rápida.,negativo
No entendí los ejercicios de ciencias y faltó apoyo del docente.,negativo
El material de ciencias estaba desordenado y fue difícil de usar.,negativo
La actividad de ciencias fue frustrante y las instrucciones eran incorrectas.,negativo
La clase de historia fue confusa y no logré aprender el tema.,negativo
La explicación de historia fue poco clara y demasiado rápida.,negativo
No entendí los ejercicios de historia y faltó apoyo del docente.,negativo
El material de historia estaba desordenado y fue difícil de usar.,negativo
La actividad de historia fue frustrante y las instrucciones eran incorrectas.,negativo
La clase de inglés fue confusa y no logré aprender el tema.,negativo
La explicación de inglés fue poco clara y demasiado rápida.,negativo
No entendí los ejercicios de inglés y faltó apoyo del docente.,negativo
El material de inglés estaba desordenado y fue difícil de usar.,negativo
La actividad de inglés fue frustrante y las instrucciones eran incorrectas.,negativo
La clase de programación fue confusa y no logré aprender el tema.,negativo
La explicación de programación fue poco clara y demasiado rápida.,negativo
No entendí los ejercicios de programación y faltó apoyo del docente.,negativo
El material de programación estaba desordenado y fue difícil de usar.,negativo
La actividad de programación fue frustrante y las instrucciones eran incorrectas.,negativo
La clase de física fue confusa y no logré aprender el tema.,negativo
La explicación de física fue poco clara y demasiado rápida.,negativo
No entendí los ejercicios de física y faltó apoyo del docente.,negativo
El material de física estaba desordenado y fue difícil de usar.,negativo
La actividad de física fue frustrante y las instrucciones eran incorrectas.,negativo
La clase de química fue confusa y no logré aprender el tema.,negativo
La explicación de química fue poco clara y demasiado rápida.,negativo
No entendí los ejercicios de química y faltó apoyo del docente.,negativo
El material de química estaba desordenado y fue difícil de usar.,negativo
La actividad de química fue frustrante y las instrucciones eran incorrectas.,negativo
La clase de arte fue confusa y no logré aprender el tema.,negativo
La explicación de arte fue poco clara y demasiado rápida.,negativo
No entendí los ejercicios de arte y faltó apoyo del docente.,negativo
El material de arte estaba desordenado y fue difícil de usar.,negativo
La actividad de arte fue frustrante y las instrucciones eran incorrectas.,negativo
La clase de estadística fue confusa y no logré aprender el tema.,negativo
La explicación de estadística fue poco clara y demasiado rápida.,negativo
No entendí los ejercicios de estadística y faltó apoyo del docente.,negativo
El material de estadística estaba desordenado y fue difícil de usar.,negativo
La actividad de estadística fue frustrante y las instrucciones eran incorrectas.,negativo
